X,Y,Group,Xmin,Xmax,Ymin,Ymax
335.3125516713826,3617.310710570288,0,260,360,3600,3700
324.48465948565433,3660.3093251362493,0,260,360,3600,3700
340.35377139049325,3644.3689413282377,0,260,360,3600,3700
332.3146480690433,3627.519129642137,0,260,360,3600,3700
336.8795540028227,3662.1507163951874,0,260,360,3600,3700
338.92788380595823,3650.2157725380625,0,260,360,3600,3700
346.6419712181839,3639.9218913789555,0,260,360,3600,3700
352.13007780877615,3642.2953125348495,0,260,360,3600,3700
307.35263241701574,3663.213252269909,0,260,360,3600,3700
347.3413694141278,3627.0131909157963,0,260,360,3600,3700
322.96013584664183,3654.8260415084196,0,260,360,3600,3700
314.7739780326303,3650.053104928454,0,260,360,3600,3700
350.26823245544244,3634.40800535862,0,260,360,3600,3700
340.96147068690766,3658.7398947384986,0,260,360,3600,3700
352.81706184186237,3619.9797483128045,0,260,360,3600,3700
307.04314950356485,3651.492357749908,0,260,360,3600,3700
344.80842407612784,3654.046667178385,0,260,360,3600,3700
314.36093087795996,3656.3715809781793,0,260,360,3600,3700
339.006041024963,3632.9001135491976,0,260,360,3600,3700
357.2409289649793,3649.5006311451784,0,260,360,3600,3700
334.3340354807117,3610.5715501125333,0,260,360,3600,3700
333.7810984725719,3654.963405439179,0,260,360,3600,3700
313.7089877991141,3662.409718004482,0,260,360,3600,3700
355.589556005878,3628.8728430278184,0,260,360,3600,3700
320.7321607953381,3645.9193795019496,0,260,360,3600,3700
329.5109029076671,3648.949351530634,0,260,360,3600,3700
345.26880493316173,3620.90828396644,0,260,360,3600,3700
350.5724876334199,3650.340517982839,0,260,360,3600,3700
339.3178646984551,3638.6208316877173,0,260,360,3600,3700
329.27228331862665,3641.6912044728074,0,260,360,3600,3700
338.0962398586095,3624.4755064451933,0,260,360,3600,3700
331.7602505308403,3661.4462513703857,0,260,360,3600,3700
358.31120514221,3688.178053468766,0,260,360,3600,3700
357.5963919053682,3695.2803692654666,0,260,360,3600,3700
358.5822039795926,3681.620583589161,0,260,360,3600,3700
357.7230418018984,3670.8841324477107,0,260,360,3600,3700
353.17987350472293,3686.733120355469,0,260,360,3600,3700
358.60874924833024,3657.3683966081876,0,260,360,3600,3700
350.74176830740237,3680.7769030143672,0,260,360,3600,3700
347.17730700152595,3660.5910522219565,0,260,360,3600,3700
347.4088144701674,3694.054251639632,0,260,360,3600,3700
349.32239854742215,3687.6490363576213,0,260,360,3600,3700
355.9812843575075,3662.2412038729453,0,260,360,3600,3700
354.4816191230188,3667.116505333753,0,260,360,3600,3700
352.8060850973432,3656.9803685048596,0,260,360,3600,3700
345.9355878577797,3672.5449758706004,0,260,360,3600,3700
351.14251844685265,3675.509029492258,0,260,360,3600,3700
347.0296382407559,3667.291076264875,0,260,360,3600,3700
346.5953071171131,3683.9482177757295,0,260,360,3600,3700
352.1782814899096,3696.0056732340277,0,260,360,3600,3700
345.98307930496617,3678.314299101085,0,260,360,3600,3700
340.49615994670546,3664.995568307349,0,260,360,3600,3700
352.2624360232258,3611.098241503589,0,260,360,3600,3700
346.5972419042461,3605.475937717428,0,260,360,3600,3700
358.5187711396691,3607.23830135126,0,260,360,3600,3700
358.0203518046455,3617.5891049236543,0,260,360,3600,3700
344.018891487003,3612.2607564497143,0,260,360,3600,3700
294.80286656872033,3603.5222992083145,0,260,360,3600,3700
311.5604036159341,3603.9171443983732,0,260,360,3600,3700
302.5580912183265,3607.3753153004486,0,260,360,3600,3700
311.71402276330605,3611.300011809816,0,260,360,3600,3700
322.8509239976458,3601.6038894854014,0,260,360,3600,3700
344.783380729703,3600.903996552162,0,260,360,3600,3700
331.4250216716664,3601.8891005772502,0,260,360,3600,3700
319.87159234220314,3608.1661020901433,0,260,360,3600,3700
335.78773255333067,3604.2220975708065,0,260,360,3600,3700
280.0100498258674,3697.3935100809354,0,260,360,3600,3700
285.68874967498647,3691.6922337377337,0,260,360,3600,3700
291.28942058798646,3694.5822249655525,0,260,360,3600,3700
334.75084746182756,3699.235904433427,0,260,360,3600,3700
333.04343960101204,3669.8888219059636,0,260,360,3600,3700
325.2772484517587,3697.7153527451273,0,260,360,3600,3700
324.2245228852859,3679.0888407156262,0,260,360,3600,3700
337.1586307667027,3672.8331888665884,0,260,360,3600,3700
340.60371323239167,3681.3441415544953,0,260,360,3600,3700
340.3722571268806,3695.194599759174,0,260,360,3600,3700
321.60275379736373,3695.2789019312813,0,260,360,3600,3700
327.36434898760194,3672.1310366218936,0,260,360,3600,3700
314.52558082636784,3668.0792252487686,0,260,360,3600,3700
321.51020436369464,3687.3803345995393,0,260,360,3600,3700
344.95300904311404,3689.077108582922,0,260,360,3600,3700
320.3258667173302,3669.68491233218,0,260,360,3600,3700
326.10270928833677,3665.4374633926113,0,260,360,3600,3700
327.13828767094657,3688.3971360511773,0,260,360,3600,3700
331.65831493838783,3695.088324395468,0,260,360,3600,3700
333.0995797190971,3680.422897564027,0,260,360,3600,3700
339.7621050299429,3688.9427624110253,0,260,360,3600,3700
333.84206181313823,3688.1436993093776,0,260,360,3600,3700
307.0707042259162,3690.4417776940904,0,260,360,3600,3700
295.2115822538514,3688.228287579109,0,260,360,3600,3700
315.53113345688035,3675.4295325929997,0,260,360,3600,3700
303.05757387124004,3682.1809794625606,0,260,360,3600,3700
314.08789797791604,3682.19117139659,0,260,360,3600,3700
298.5675335737357,3665.2708933725166,0,260,360,3600,3700
289.2170527367756,3670.585682745066,0,260,360,3600,3700
307.10850445192415,3698.930991692948,0,260,360,3600,3700
300.0953768774379,3676.6928458904067,0,260,360,3600,3700
297.010351495607,3699.0136986818206,0,260,360,3600,3700
304.3500558836182,3699.8933136379173,0,260,360,3600,3700
294.98714134032514,3672.8103126805504,0,260,360,3600,3700
291.1111240837933,3681.4839838108956,0,260,360,3600,3700
313.5902322847677,3689.8209823654506,0,260,360,3600,3700
307.9143107738405,3674.00542090205,0,260,360,3600,3700
301.4702359819453,3691.9921289301506,0,260,360,3600,3700
314.2597690376655,3696.414679945708,0,260,360,3600,3700
273.2098502066213,3683.6670734835334,0,260,360,3600,3700
278.26431950814,3688.8723817884456,0,260,360,3600,3700
270.51370198428356,3676.5843810137562,0,260,360,3600,3700
269.8662470915325,3696.569531358888,0,260,360,3600,3700
269.2535297564426,3690.312051577658,0,260,360,3600,3700
279.3484999871799,3676.752549585191,0,260,360,3600,3700
262.42241535305783,3685.865263143738,0,260,360,3600,3700
284.32506927183783,3683.2237446966287,0,260,360,3600,3700
261.5012307662662,3699.9982525843316,0,260,360,3600,3700
263.7382953936919,3676.676407183972,0,260,360,3600,3700
300.5760587944272,3656.9560734082115,0,260,360,3600,3700
282.4639266394841,3651.3142946521903,0,260,360,3600,3700
291.24227134357136,3657.9107088320407,0,260,360,3600,3700
279.8199201223255,3648.892411847479,0,260,360,3600,3700
271.7033466234236,3651.611741460765,0,260,360,3600,3700
262.2391873275733,3643.5235863059743,0,260,360,3600,3700
264.111105373116,3650.4503749095843,0,260,360,3600,3700
284.7888593456079,3661.753107634223,0,260,360,3600,3700
275.65332610215125,3647.797653517831,0,260,360,3600,3700
276.474101830952,3667.131277650491,0,260,360,3600,3700
281.78008499171005,3670.0348187243976,0,260,360,3600,3700
288.53753373371393,3644.731283488282,0,260,360,3600,3700
282.37958256862674,3641.198627441072,0,260,360,3600,3700
269.79803914676955,3658.640496436389,0,260,360,3600,3700
276.66871373254526,3633.756074161205,0,260,360,3600,3700
272.50267563865134,3643.6563865121,0,260,360,3600,3700
267.11888520572626,3666.4508902999914,0,260,360,3600,3700
293.91796776855085,3649.458404849575,0,260,360,3600,3700
278.52239613708514,3658.599824218956,0,260,360,3600,3700
296.1571384557064,3626.772461778898,0,260,360,3600,3700
322.588310317415,3620.392631980821,0,260,360,3600,3700
291.98843336256886,3618.219800330464,0,260,360,3600,3700
310.7063883620856,3625.43153891675,0,260,360,3600,3700
308.3909277606041,3618.75773121785,0,260,360,3600,3700
312.57893500856505,3641.729887113678,0,260,360,3600,3700
300.9270586615008,3621.364813799571,0,260,360,3600,3700
325.4521230679208,3633.495911348732,0,260,360,3600,3700
288.35749039930243,3635.62618313425,0,260,360,3600,3700
318.6658638010422,3627.364389507054,0,260,360,3600,3700
297.11518749882686,3638.144690664078,0,260,360,3600,3700
314.1661553833272,3633.6601163698656,0,260,360,3600,3700
325.7813336953509,3613.0096817653525,0,260,360,3600,3700
304.86397250433737,3645.288642896035,0,260,360,3600,3700
298.3218127841615,3643.091698254232,0,260,360,3600,3700
305.00036307592933,3628.4116835304512,0,260,360,3600,3700
316.8403120820244,3617.597192595678,0,260,360,3600,3700
305.7736658950065,3635.510988649826,0,260,360,3600,3700
321.2744148377065,3638.3901375334167,0,260,360,3600,3700
327.2073137412512,3626.2720548308703,0,260,360,3600,3700
284.9212011782533,3624.8205580475887,0,260,360,3600,3700
294.4754686949727,3633.4243907229916,0,260,360,3600,3700
270.6570707230452,3625.6208192281383,0,260,360,3600,3700
284.5507370226851,3605.870087555905,0,260,360,3600,3700
260.25475586589454,3602.1380463523633,0,260,360,3600,3700
291.8760060531219,3612.7447913960455,0,260,360,3600,3700
274.3754692684365,3605.567782718381,0,260,360,3600,3700
266.831342205454,3611.003797581607,0,260,360,3600,3700
278.59221714180535,3615.289475482529,0,260,360,3600,3700
268.9592847881664,3619.166400938223,0,260,360,3600,3700
262.55813608491405,3631.529160643396,0,260,360,3600,3700
265.93149941015105,3636.2212719330937,0,260,360,3600,3700
424.95220237368784,3996.9066225103256,1,330,430,3900,4000
419.578207687334,3981.7286288559794,1,330,430,3900,4000
424.79047166623855,3975.879759184507,1,330,430,3900,4000
422.83985902514627,3988.3151494722347,1,330,430,3900,4000
423.1357883816506,3940.3304334978484,1,330,430,3900,4000
423.3671144907026,3931.549243554731,1,330,430,3900,4000
426.70196117239755,3926.0087524024534,1,330,430,3900,4000
412.42856091182193,3974.4031834001976,1,330,430,3900,4000
429.4383272456684,3960.3139521347503,1,330,430,3900,4000
400.9126848681495,3967.47808266893,1,330,430,3900,4000
420.31126323742035,3960.10684069955,1,330,430,3900,4000
412.4970488209638,3959.3562922572814,1,330,430,3900,4000
424.9524250563554,3948.8351130087253,1,330,430,3900,4000
414.70479161664315,3969.984974406275,1,330,430,3900,4000
418.2700655701571,3960.4112431861718,1,330,430,3900,4000
424.6897110369868,3967.7458575125597,1,330,430,3900,4000
408.2949979752177,3976.5718417498756,1,330,430,3900,4000
409.12798963279005,3965.189002817243,1,330,430,3900,4000
401.8287217236701,3974.976553076513,1,330,430,3900,4000
371.667602358406,3989.324403945278,1,330,430,3900,4000
355.84050150337504,3972.4704947881364,1,330,430,3900,4000
375.88221382504014,3981.1279401994025,1,330,430,3900,4000
353.01578668403477,3966.159725932413,1,330,430,3900,4000
355.61059695285957,3979.927039117243,1,330,430,3900,4000
368.8678683919347,3998.215515318491,1,330,430,3900,4000
369.14527083978766,3982.8964102361224,1,330,430,3900,4000
362.24090185285513,3985.070443476709,1,330,430,3900,4000
377.10538569777344,3992.2575794768486,1,330,430,3900,4000
364.30150131194677,3976.327148701363,1,330,430,3900,4000
364.13354757672585,3992.449958248515,1,330,430,3900,4000
391.805625322631,3994.2336907998456,1,330,430,3900,4000
385.4079010260714,3990.1875376363864,1,330,430,3900,4000
382.7046926498098,3984.3804653062143,1,330,430,3900,4000
387.5607021074932,3985.3295316169256,1,330,430,3900,4000
392.3184359067615,3998.7470948154196,1,330,430,3900,4000
386.55984044156236,3998.0674722815425,1,330,430,3900,4000
402.21619712446704,3991.9599360728103,1,330,430,3900,4000
394.6644555346883,3989.5746447080933,1,330,430,3900,4000
382.54268776110723,3998.183405598925,1,330,430,3900,4000
399.10553202387564,3999.813962518337,1,330,430,3900,4000
408.98434933068586,3995.4260498173294,1,330,430,3900,4000
336.94309885598426,3901.133395038491,1,330,430,3900,4000
336.4384200844673,3911.213935535016,1,330,430,3900,4000
416.4893028333148,3901.923896243518,1,330,430,3900,4000
404.65541426680795,3901.380585613898,1,330,430,3900,4000
423.7161183891039,3903.980164722934,1,330,430,3900,4000
413.16360226037165,3917.895178392928,1,330,430,3900,4000
396.58445344929214,3904.7972200606005,1,330,430,3900,4000
424.3149264715729,3915.2049083112183,1,330,430,3900,4000
395.3964490187677,3911.720955111532,1,330,430,3900,4000
406.4971199820111,3910.8873235166375,1,330,430,3900,4000
418.4555138765447,3922.7187263321816,1,330,430,3900,4000
414.8210937401025,3913.4067311864837,1,330,430,3900,4000
380.1600730234666,3910.314547412429,1,330,430,3900,4000
358.49679549972456,3903.5430560782365,1,330,430,3900,4000
361.33220318922235,3901.784734149806,1,330,430,3900,4000
373.4779733073306,3912.533280799501,1,330,430,3900,4000
348.2771041421171,3915.724431783978,1,330,430,3900,4000
380.7720199294868,3917.508660298866,1,330,430,3900,4000
376.80656242600173,3903.7133611981535,1,330,430,3900,4000
364.9854959034532,3912.7561037488126,1,330,430,3900,4000
341.7479853484153,3919.2256537706216,1,330,430,3900,4000
345.3064223618378,3904.6992343063753,1,330,430,3900,4000
366.0299783596437,3906.6722734858104,1,330,430,3900,4000
386.6443544162087,3908.044733549576,1,330,430,3900,4000
353.0822245093444,3903.8432905619916,1,330,430,3900,4000
354.21449815433226,3909.447430409577,1,330,430,3900,4000
356.2306380858643,3900.922687215199,1,330,430,3900,4000
357.03195236872637,3915.5730081313304,1,330,430,3900,4000
368.96990337860154,3901.666527388605,1,330,430,3900,4000
386.0401409945525,3934.9952131813875,1,330,430,3900,4000
405.97600283479227,3956.12797525522,1,330,430,3900,4000
408.25039749965237,3932.9051984325274,1,330,430,3900,4000
403.58691602933595,3926.192293921097,1,330,430,3900,4000
394.0400962859001,3954.904348993661,1,330,430,3900,4000
386.22608275901564,3923.654457616436,1,330,430,3900,4000
416.8547837271557,3932.227937914072,1,330,430,3900,4000
396.81053367159757,3962.6863475004375,1,330,430,3900,4000
386.7981168632169,3962.3449450479507,1,330,430,3900,4000
401.1691425625763,3918.121141551371,1,330,430,3900,4000
403.7596175464039,3948.7624514990907,1,330,430,3900,4000
396.1388737939145,3935.5523163742705,1,330,430,3900,4000
385.5498799191437,3941.717568338333,1,330,430,3900,4000
409.75986240616254,3924.325796481321,1,330,430,3900,4000
394.68620055758885,3920.6155067683785,1,330,430,3900,4000
406.7715194940708,3939.604373963076,1,330,430,3900,4000
392.95644607940835,3928.7841395332875,1,330,430,3900,4000
413.5759582418509,3948.075082399715,1,330,430,3900,4000
391.74681063555204,3945.9417971635485,1,330,430,3900,4000
400.6778495662478,3940.9028305308893,1,330,430,3900,4000
383.85245866805445,3952.1194075636727,1,330,430,3900,4000
415.1217299972361,3940.0449936499363,1,330,430,3900,4000
367.25655036929646,3937.09435732491,1,330,430,3900,4000
371.79913910711014,3945.010735594994,1,330,430,3900,4000
355.1597539920432,3934.465182238781,1,330,430,3900,4000
372.32433519029934,3936.899877778154,1,330,430,3900,4000
360.69264606935883,3929.783271445609,1,330,430,3900,4000
364.01906259640594,3938.490705925378,1,330,430,3900,4000
380.0720286319753,3932.963339435265,1,330,430,3900,4000
378.44196664732823,3942.063786227114,1,330,430,3900,4000
362.64694337946855,3946.319080232377,1,330,430,3900,4000
369.5359065838934,3951.4192108754346,1,330,430,3900,4000
350.6786876286972,3925.250864741335,1,330,430,3900,4000
368.99819236547853,3919.747700023548,1,330,430,3900,4000
357.9579325979868,3923.397161749524,1,330,430,3900,4000
376.752443604492,3924.190679900858,1,330,430,3900,4000
374.9223272811633,3930.167709346757,1,330,430,3900,4000
367.2051748038267,3928.7637166581867,1,330,430,3900,4000
376.76656517326484,3951.3841124772966,1,330,430,3900,4000
348.25637286614347,3999.4148810088877,1,330,430,3900,4000
335.4345343400861,3960.9486217620265,1,330,430,3900,4000
337.80182997083557,3993.794099678533,1,330,430,3900,4000
358.42583843865515,3998.053085999109,1,330,430,3900,4000
342.5079459829327,3997.400645908224,1,330,430,3900,4000
349.3911815946841,3993.0112122630353,1,330,430,3900,4000
331.62894119757016,3993.3143490014,1,330,430,3900,4000
356.1977086039861,3990.105805275445,1,330,430,3900,4000
339.2343368946309,3988.3892494377615,1,330,430,3900,4000
347.67971095486604,3988.4320590919237,1,330,430,3900,4000
394.6616603219925,3984.1159156844665,1,330,430,3900,4000
404.36408729815577,3985.0692427195504,1,330,430,3900,4000
384.37595944546496,3977.4173538652212,1,330,430,3900,4000
391.6427082411237,3978.1976973797837,1,330,430,3900,4000
410.9982333625901,3985.5653990301735,1,330,430,3900,4000
393.94859592116904,3971.9930657148698,1,330,430,3900,4000
386.685669081176,3969.9585048050203,1,330,430,3900,4000
397.7217864329298,3979.6789985375212,1,330,430,3900,4000
414.17404006689463,3992.6624678677626,1,330,430,3900,4000
330.10323292330315,3985.7595071084424,1,330,430,3900,4000
334.4917815280556,3981.8907632945215,1,330,430,3900,4000
348.5811837048761,3983.340197922936,1,330,430,3900,4000
330.7643481966157,3968.6639846635003,1,330,430,3900,4000
342.31986813141464,3967.2359801630273,1,330,430,3900,4000
340.4225116367051,3979.887670723558,1,330,430,3900,4000
336.25000860879504,3966.538026916997,1,330,430,3900,4000
346.90964385458756,3967.147384227929,1,330,430,3900,4000
347.504114766543,3976.5950168287545,1,330,430,3900,4000
336.7867387973641,3973.322356316104,1,330,430,3900,4000
345.5843418480866,3936.8818828839153,1,330,430,3900,4000
330.3262363997353,3946.2522739348924,1,330,430,3900,4000
347.5802295532561,3953.261480689503,1,330,430,3900,4000
345.0497317776549,3930.7601509858855,1,330,430,3900,4000
335.4497831883532,3938.932436858246,1,330,430,3900,4000
342.1660549499695,3957.864148568996,1,330,430,3900,4000
336.89067144242676,3950.0289703374683,1,330,430,3900,4000
330.5574562607574,3955.3347324519195,1,330,430,3900,4000
350.7912799867776,3943.1870219663433,1,330,430,3900,4000
342.1009193126296,3944.9570241048477,1,330,430,3900,4000
336.12931552762996,3924.534755410247,1,330,430,3900,4000
336.98127764512594,3930.587967514595,1,330,430,3900,4000
362.6098094963429,3965.1643249911704,1,330,430,3900,4000
369.0400251499256,3959.0342051807374,1,330,430,3900,4000
363.9516355004554,3970.1143971901674,1,330,430,3900,4000
378.8351794943201,3971.9969303153357,1,330,430,3900,4000
370.9038641619741,3966.0416150357887,1,330,430,3900,4000
376.5168489236968,3959.5361302509577,1,330,430,3900,4000
353.6007264374375,3955.299912787274,1,330,430,3900,4000
355.91923272271185,3961.553139819672,1,330,430,3900,4000
356.3740823672789,3949.5916860135626,1,330,430,3900,4000
371.86211745687416,3972.1453524348735,1,330,430,3900,4000
361.6265718696291,3957.4460613253195,1,330,430,3900,4000
379.5258051279071,3965.0192867044316,1,330,430,3900,4000
395.8120505357012,4089.010342378329,2,300,400,4000,4100
395.8577340856581,4095.79056930809,2,300,400,4000,4100
397.10183740809094,4036.416525467454,2,300,400,4000,4100
393.66726845304055,4058.368833077504,2,300,400,4000,4100
398.05185119360334,4028.0811590349394,2,300,400,4000,4100
395.9810905025301,4049.987125173666,2,300,400,4000,4100
390.52900001531873,4020.961825223045,2,300,400,4000,4100
390.5793354566125,4039.785516331941,2,300,400,4000,4100
391.0351503430059,4031.4306286904052,2,300,400,4000,4100
384.9021205608216,4030.797001418226,2,300,400,4000,4100
375.3875458024104,4061.9621652405435,2,300,400,4000,4100
386.15580862374213,4070.595497659771,2,300,400,4000,4100
397.0189037494656,4070.1651848233396,2,300,400,4000,4100
399.0680680726644,4076.5487751798205,2,300,400,4000,4100
392.1411791700074,4065.7367457655764,2,300,400,4000,4100
367.8988429264759,4061.49522970496,2,300,400,4000,4100
381.3755659727563,4072.5311615403307,2,300,400,4000,4100
383.45897851598545,4063.9494375864747,2,300,400,4000,4100
372.8094617454411,4068.315447653606,2,300,400,4000,4100
391.16941656197974,4082.7155828777845,2,300,400,4000,4100
390.7467415423011,4076.4107785715405,2,300,400,4000,4100
364.1180657783262,4063.50596248131,2,300,400,4000,4100
358.79608480029066,4056.5055744141264,2,300,400,4000,4100
358.74114443950054,4041.446147558735,2,300,400,4000,4100
382.9057633079368,4045.3712066320486,2,300,400,4000,4100
364.9791575873447,4047.8440097361354,2,300,400,4000,4100
381.2613689987673,4037.9593130131398,2,300,400,4000,4100
351.4692786081801,4043.9495079600315,2,300,400,4000,4100
384.41553855672106,4050.4951714970503,2,300,400,4000,4100
375.1985227174406,4055.086083066912,2,300,400,4000,4100
374.2992952767487,4041.684974869687,2,300,400,4000,4100
372.027498663398,4048.2940648090876,2,300,400,4000,4100
361.2427393664358,4030.219405096997,2,300,400,4000,4100
384.04140318339853,4056.9762443678096,2,300,400,4000,4100
358.39300444285516,4036.797534819543,2,300,400,4000,4100
368.08404073835607,4054.853867403774,2,300,400,4000,4100
372.53440972935954,4032.5448813704684,2,300,400,4000,4100
359.22907946073514,4048.153923768194,2,300,400,4000,4100
352.77033204243475,4031.712494450774,2,300,400,4000,4100
367.1980940941007,4040.1402987056026,2,300,400,4000,4100
365.0728204457486,4021.9118796642233,2,300,400,4000,4100
383.08800528068986,4011.893431344177,2,300,400,4000,4100
365.1782417770196,4005.477934769457,2,300,400,4000,4100
380.2296686904929,4024.24394927527,2,300,400,4000,4100
376.99530447856995,4002.178522252345,2,300,400,4000,4100
356.9850410158358,4023.125627531803,2,300,400,4000,4100
372.48003404844536,4025.205912698151,2,300,400,4000,4100
381.5395477954782,4016.3791188834134,2,300,400,4000,4100
379.995146667883,4008.367543175021,2,300,400,4000,4100
375.1086149922223,4019.696474555074,2,300,400,4000,4100
376.2535260528845,4011.9673278046153,2,300,400,4000,4100
368.46119303240744,4014.056022616801,2,300,400,4000,4100
370.41086976959093,4007.586279384772,2,300,400,4000,4100
390.37174157674485,4004.9634546673315,2,300,400,4000,4100
390.402525465174,4012.9408450344154,2,300,400,4000,4100
396.21227623740737,4010.0528525658187,2,300,400,4000,4100
371.22683138158226,4076.837718903477,2,300,400,4000,4100
384.4751924921378,4086.1775331994068,2,300,400,4000,4100
379.47230570959,4077.6546921168947,2,300,400,4000,4100
364.3899615094162,4073.651250504947,2,300,400,4000,4100
376.3995162818249,4083.4172570785554,2,300,400,4000,4100
363.85681491332883,4080.3210388538364,2,300,400,4000,4100
364.95707221526953,4085.1570674455493,2,300,400,4000,4100
353.94277698192866,4079.41718715596,2,300,400,4000,4100
355.82625106623965,4073.621083200923,2,300,400,4000,4100
305.5178669033024,4095.2169588470006,2,300,400,4000,4100
300.10859600192214,4093.1584270667395,2,300,400,4000,4100
346.9167875248948,4085.551472961897,2,300,400,4000,4100
353.6415741109301,4095.5558631232525,2,300,400,4000,4100
355.7860089883169,4088.9839280674437,2,300,400,4000,4100
362.7773750348041,4093.914394971429,2,300,400,4000,4100
345.96071277897465,4093.1087445283138,2,300,400,4000,4100
365.5612406644367,4089.599851658086,2,300,400,4000,4100
329.4150753141145,4095.4849497095124,2,300,400,4000,4100
315.9279577587658,4094.472577248887,2,300,400,4000,4100
323.3714928298874,4097.063030733166,2,300,400,4000,4100
339.9508903283676,4091.1042807509407,2,300,400,4000,4100
334.8071363326466,4092.8728287075023,2,300,400,4000,4100
379.4518628487975,4092.179511458798,2,300,400,4000,4100
372.5270445463497,4095.6830148002177,2,300,400,4000,4100
385.0449371029622,4097.012644660935,2,300,400,4000,4100
391.613683376307,4096.526191492937,2,300,400,4000,4100
357.47285650587685,4011.5554818459686,2,300,400,4000,4100
339.59152504061836,4019.7787540588,2,300,400,4000,4100
334.0039463425403,4019.4431269850334,2,300,400,4000,4100
346.1385608234258,4025.212513729599,2,300,400,4000,4100
339.2138971100622,4032.845913817433,2,300,400,4000,4100
348.2211851528823,4020.4551011045023,2,300,400,4000,4100
336.0583134587776,4012.140136807348,2,300,400,4000,4100
341.8432640784256,4010.2044439152655,2,300,400,4000,4100
350.9221036178026,4003.6516042166504,2,300,400,4000,4100
330.08531490834207,4024.0529938098716,2,300,400,4000,4100
328.45670889735794,4036.523861376585,2,300,400,4000,4100
359.557023571923,4006.3161324480957,2,300,400,4000,4100
349.24171738436655,4009.9824251572745,2,300,400,4000,4100
340.3167494220105,4027.721087737896,2,300,400,4000,4100
323.083223554567,4030.4427957805638,2,300,400,4000,4100
329.6445076740913,4015.5728678895116,2,300,400,4000,4100
331.22156837241613,4031.484112156478,2,300,400,4000,4100
346.30946100382806,4033.605998005404,2,300,400,4000,4100
353.28654185441854,4016.538401197746,2,300,400,4000,4100
333.25977051286293,4048.954228127601,2,300,400,4000,4100
313.2728069578039,4038.274826343176,2,300,400,4000,4100
327.38925247615055,4042.9946818022713,2,300,400,4000,4100
320.18072093813004,4043.3073998852656,2,300,400,4000,4100
325.2210018290301,4048.8932466412884,2,300,400,4000,4100
310.58215490333504,4032.1290571807685,2,300,400,4000,4100
321.17343688558714,4037.703888757463,2,300,400,4000,4100
303.3632300924354,4037.2442602378983,2,300,400,4000,4100
304.0032119336358,4030.4537664762547,2,300,400,4000,4100
322.85458614419514,4057.934396932644,2,300,400,4000,4100
314.22963266024124,4065.4787992116608,2,300,400,4000,4100
312.7465279989492,4060.2377656931703,2,300,400,4000,4100
323.3698258524509,4080.4135120656547,2,300,400,4000,4100
323.942145438342,4088.715453240424,2,300,400,4000,4100
331.0135601144355,4059.4217583108966,2,300,400,4000,4100
326.78161181507005,4071.402919958227,2,300,400,4000,4100
324.1157424212259,4065.953183834128,2,300,400,4000,4100
318.3178437619398,4072.9777425422167,2,300,400,4000,4100
337.13348917149426,4054.661503319447,2,300,400,4000,4100
305.3531414753897,4064.7369628677507,2,300,400,4000,4100
304.22050084730347,4069.3765898916454,2,300,400,4000,4100
319.22735699683665,4051.6828640676285,2,300,400,4000,4100
304.24673851781864,4049.1332973042627,2,300,400,4000,4100
313.4408067313146,4054.082320202151,2,300,400,4000,4100
304.2816206227322,4056.511411269749,2,300,400,4000,4100
312.05149466538063,4048.086407254847,2,300,400,4000,4100
309.24985911694006,4043.7042265891487,2,300,400,4000,4100
335.76127250721254,4066.612435827901,2,300,400,4000,4100
331.20083784248527,4084.0257052283678,2,300,400,4000,4100
345.00942744756793,4065.245856745446,2,300,400,4000,4100
345.57095847040335,4071.6939263655154,2,300,400,4000,4100
339.1142670305649,4061.7836383653685,2,300,400,4000,4100
344.9899936953891,4078.313875532061,2,300,400,4000,4100
335.7627981943102,4074.4597201895945,2,300,400,4000,4100
346.0189760540604,4055.0267193383647,2,300,400,4000,4100
335.56590499700854,4042.106615827285,2,300,400,4000,4100
346.06589886159776,4045.3882843908686,2,300,400,4000,4100
351.20217721987416,4064.2269193029156,2,300,400,4000,4100
352.8097943914713,4056.985162306287,2,300,400,4000,4100
340.5439161391504,4049.2198158537176,2,300,400,4000,4100
340.84465681576484,4038.856555892082,2,300,400,4000,4100
357.5542292793535,4066.3471651091168,2,300,400,4000,4100
300.8534982829744,4014.7556199021296,2,300,400,4000,4100
308.29333049993033,4009.900857354532,2,300,400,4000,4100
321.36214476456183,4004.4549622177715,2,300,400,4000,4100
311.31818473990825,4005.086265742347,2,300,400,4000,4100
303.142146029367,4007.7243050536135,2,300,400,4000,4100
327.2120450686825,4008.287745304981,2,300,400,4000,4100
324.9267269290747,4013.702784989042,2,300,400,4000,4100
317.8401621761573,4021.8487371026454,2,300,400,4000,4100
319.1730948302409,4027.4678116387026,2,300,400,4000,4100
302.35084868245957,4002.7564191970964,2,300,400,4000,4100
315.2491014148866,4030.96877667976,2,300,400,4000,4100
312.9010061496464,4011.4264431945985,2,300,400,4000,4100
307.08024849415443,4017.2444107037754,2,300,400,4000,4100
322.2579459000009,4020.7346485794847,2,300,400,4000,4100
311.39691621211426,4019.834226026243,2,300,400,4000,4100
318.89767169828804,4011.7851095874425,2,300,400,4000,4100
311.18191014500775,4025.429844017729,2,300,400,4000,4100
315.5936605124461,4001.200523106167,2,300,400,4000,4100
315.01567306705215,4017.3083043572333,2,300,400,4000,4100
304.1726116797262,4022.1139031862513,2,300,400,4000,4100
310.52065382597135,4073.46401385749,2,300,400,4000,4100
307.94756668809526,4082.464063158349,2,300,400,4000,4100
300.7057855823549,4083.03342799195,2,300,400,4000,4100
308.21076688554183,4087.8992098227786,2,300,400,4000,4100
304.08581695668363,4076.945742714964,2,300,400,4000,4100
315.9557840840209,4087.697849456839,2,300,400,4000,4100
312.9706619170903,4079.772474233273,2,300,400,4000,4100
327.8153139274536,4003.336459603621,2,300,400,4000,4100
333.7995596221029,4001.35083833171,2,300,400,4000,4100
339.1109644286486,4003.911560350149,2,300,400,4000,4100
281.12840969243695,4182.330962770148,3,280,380,4100,4200
282.48872427665174,4175.1526825301235,3,280,380,4100,4200
281.4168424269281,4180.871919886102,3,280,380,4100,4200
286.3713594998042,4185.979619129901,3,280,380,4100,4200
287.80684946273163,4178.827329946892,3,280,380,4100,4200
324.8466296188419,4199.546743783941,3,280,380,4100,4200
331.20533214482293,4187.803378503814,3,280,380,4100,4200
330.23600931673445,4192.730796615553,3,280,380,4100,4200
284.555377077112,4196.250180812183,3,280,380,4100,4200
298.1615698509201,4198.046544826399,3,280,380,4100,4200
293.7190455176021,4194.639559777141,3,280,380,4100,4200
299.70657957238524,4191.904053141746,3,280,380,4100,4200
291.00305004936,4189.5027422046105,3,280,380,4100,4200
317.12744591960217,4195.255051245548,3,280,380,4100,4200
310.7005269770398,4199.930919349159,3,280,380,4100,4200
293.88922310625304,4181.113141095924,3,280,380,4100,4200
322.42151547360186,4181.816356480306,3,280,380,4100,4200
295.71760573999313,4173.61314824597,3,280,380,4100,4200
310.91545338098075,4187.478365997134,3,280,380,4100,4200
312.5623980592962,4179.905174553719,3,280,380,4100,4200
306.6681228651352,4191.259214955554,3,280,380,4100,4200
301.3209529761933,4169.432927802526,3,280,380,4100,4200
306.3314498928972,4173.658081472184,3,280,380,4100,4200
320.3118738588059,4188.25481580559,3,280,380,4100,4200
300.3109884670132,4185.505791666187,3,280,380,4100,4200
303.457210563981,4179.173201124714,3,280,380,4100,4200
352.0107992739462,4198.4320509271765,3,280,380,4100,4200
349.5725597179923,4185.679561117183,3,280,380,4100,4200
341.9842251565357,4182.953792941731,3,280,380,4100,4200
340.08989496835704,4191.885962983193,3,280,380,4100,4200
349.45473975306703,4175.2080608461665,3,280,380,4100,4200
343.10746822827025,4199.268342043273,3,280,380,4100,4200
352.58758281691337,4191.095607298975,3,280,380,4100,4200
294.5246187669364,4164.409021116882,3,280,380,4100,4200
283.226411163656,4162.855578859012,3,280,380,4100,4200
289.4005956370514,4163.929619295335,3,280,380,4100,4200
283.17257532025405,4168.852965374863,3,280,380,4100,4200
290.04091730276417,4170.803814843,3,280,380,4100,4200
359.57554168033784,4143.737820260777,3,280,380,4100,4200
361.25219110922853,4172.276920991029,3,280,380,4100,4200
373.77247116532067,4156.367807600873,3,280,380,4100,4200
354.1382919373165,4161.160406048466,3,280,380,4100,4200
354.4796211791438,4169.684229248681,3,280,380,4100,4200
370.9968368932426,4138.047710907779,3,280,380,4100,4200
344.15197676679156,4163.637709230665,3,280,380,4100,4200
365.6081208960309,4164.541167269504,3,280,380,4100,4200
363.4767904721261,4156.063234637143,3,280,380,4100,4200
365.8425123174075,4148.030037486356,3,280,380,4100,4200
377.1196635648508,4143.397051349111,3,280,380,4100,4200
367.48557805503174,4177.6727046499345,3,280,380,4100,4200
375.17931278163906,4174.737886650109,3,280,380,4100,4200
374.5957057669188,4196.13635597489,3,280,380,4100,4200
358.9549107258259,4180.548683838149,3,280,380,4100,4200
371.05023686246454,4188.920277460439,3,280,380,4100,4200
368.3026326809382,4183.971988719141,3,280,380,4100,4200
359.5933845360026,4191.9468695549285,3,280,380,4100,4200
366.29850002109424,4194.880929351931,3,280,380,4100,4200
286.28475282657377,4148.134858456619,3,280,380,4100,4200
283.0901183661773,4157.069732727299,3,280,380,4100,4200
289.5696900937788,4118.087296228306,3,280,380,4100,4200
306.2202239960896,4110.357121895101,3,280,380,4100,4200
293.6930320436448,4112.020677872516,3,280,380,4100,4200
308.0502583753089,4117.909262634003,3,280,380,4100,4200
299.927493176943,4110.722009953944,3,280,380,4100,4200
311.6413578217866,4111.4513481908925,3,280,380,4100,4200
304.86269648193684,4124.3027084173655,3,280,380,4100,4200
299.08758676315546,4119.0808913442725,3,280,380,4100,4200
281.06661110961716,4120.623709460586,3,280,380,4100,4200
284.5593475462461,4127.220540587553,3,280,380,4100,4200
304.84726030462525,4103.06392141426,3,280,380,4100,4200
294.62768715840366,4104.331465193761,3,280,380,4100,4200
310.17509637333546,4102.22641879628,3,280,380,4100,4200
355.02380636213417,4141.406846165177,3,280,380,4100,4200
374.09541209541544,4116.771995321686,3,280,380,4100,4200
342.4061051764446,4140.928653237943,3,280,380,4100,4200
366.1652890689727,4125.027715008063,3,280,380,4100,4200
365.35819343755594,4133.900130591647,3,280,380,4100,4200
379.5623114700432,4111.476592517179,3,280,380,4100,4200
356.16773326241434,4132.700814930723,3,280,380,4100,4200
374.1604600537849,4126.748622720959,3,280,380,4100,4200
344.2777316991761,4131.896510663351,3,280,380,4100,4200
352.6598510173584,4132.90933769217,3,280,380,4100,4200
347.3043532561306,4136.729100048942,3,280,380,4100,4200
361.37965434783007,4128.19473779681,3,280,380,4100,4200
352.50170370959864,4138.027595478315,3,280,380,4100,4200
367.3413079208677,4117.167245840928,3,280,380,4100,4200
361.42467227635893,4102.420329444148,3,280,380,4100,4200
369.0150774273183,4104.591231290451,3,280,380,4100,4200
352.1878333347756,4119.630907684031,3,280,380,4100,4200
348.66287697331825,4102.677261051361,3,280,380,4100,4200
354.4848093872579,4106.429254542254,3,280,380,4100,4200
363.22735356877786,4110.383569692883,3,280,380,4100,4200
350.894407237018,4125.170386768997,3,280,380,4100,4200
345.6328439570945,4113.663672870556,3,280,380,4100,4200
353.3889577983992,4113.468552523117,3,280,380,4100,4200
359.55259381527105,4120.934790858294,3,280,380,4100,4200
311.7613428751498,4157.419805093645,3,280,380,4100,4200
312.29491460477425,4149.92520224734,3,280,380,4100,4200
317.66112524873995,4157.951818141324,3,280,380,4100,4200
329.066446091893,4168.97941770616,3,280,380,4100,4200
325.7944736963782,4156.387849522666,3,280,380,4100,4200
318.5361035512025,4165.235255560189,3,280,380,4100,4200
325.58716971891965,4147.52987224973,3,280,380,4100,4200
307.07441067282923,4163.014908443132,3,280,380,4100,4200
335.75051932926874,4159.759374372049,3,280,380,4100,4200
312.63790384695693,4171.9206331849955,3,280,380,4100,4200
340.94170288562566,4170.370512186522,3,280,380,4100,4200
330.68568044438484,4163.140234155852,3,280,380,4100,4200
336.83652248506587,4175.771638321167,3,280,380,4100,4200
330.676905381808,4179.607778938163,3,280,380,4100,4200
321.39699070934114,4173.515099108035,3,280,380,4100,4200
316.99242603249604,4152.075211403873,3,280,380,4100,4200
326.84326768555877,4114.446394720547,3,280,380,4100,4200
321.8174739428958,4132.401620884828,3,280,380,4100,4200
327.35420371370645,4135.543952253086,3,280,380,4100,4200
325.4210700260091,4123.07184444759,3,280,380,4100,4200
334.4621342383683,4137.860804579716,3,280,380,4100,4200
317.41776658865285,4118.706352792361,3,280,380,4100,4200
313.10393987949027,4123.796592685083,3,280,380,4100,4200
318.64519770205385,4124.979890966589,3,280,380,4100,4200
336.2465572490815,4129.8418046297065,3,280,380,4100,4200
332.7312307043306,4122.7603752773075,3,280,380,4100,4200
328.58369898321126,4102.555177575964,3,280,380,4100,4200
317.22185754839865,4109.252297301858,3,280,380,4100,4200
324.72732322997234,4109.870237062443,3,280,380,4100,4200
316.06089823790137,4101.2412483136595,3,280,380,4100,4200
324.45751015943534,4104.967483983216,3,280,380,4100,4200
337.3632486021571,4109.165686837847,3,280,380,4100,4200
335.5526011419027,4114.318929678402,3,280,380,4100,4200
335.53190796505544,4103.288871871945,3,280,380,4100,4200
342.2495743286376,4123.7363409177415,3,280,380,4100,4200
343.3263902458332,4104.084482130059,3,280,380,4100,4200
340.0498549134163,4117.778403300746,3,280,380,4100,4200
340.82893459897963,4153.558396235981,3,280,380,4100,4200
334.44659240302525,4150.7591890877575,3,280,380,4100,4200
354.5232470327923,4152.261464718798,3,280,380,4100,4200
348.4026508635628,4147.734967595768,3,280,380,4100,4200
345.52325273337306,4156.312359934766,3,280,380,4100,4200
338.67330842794075,4146.251259960397,3,280,380,4100,4200
297.68838917522237,4151.409788540283,3,280,380,4100,4200
300.27414348564446,4161.818732875126,3,280,380,4100,4200
297.43393493393353,4156.695008139934,3,280,380,4100,4200
290.4767016599615,4155.217210915045,3,280,380,4100,4200
291.03847688889084,4147.357485845618,3,280,380,4100,4200
297.07394927417613,4146.8224760427065,3,280,380,4100,4200
379.8718761587815,4103.943169876084,3,280,380,4100,4200
284.29022838417035,4102.38423344609,3,280,380,4100,4200
282.01509125912037,4113.712217055505,3,280,380,4100,4200
282.4540614093762,4107.929762544903,3,280,380,4100,4200
286.49907891697507,4108.67501478764,3,280,380,4100,4200
295.9177833170015,4126.740312177401,3,280,380,4100,4200
309.9480420591555,4143.255139237567,3,280,380,4100,4200
291.55435572071326,4127.877300121143,3,280,380,4100,4200
305.7125221804276,4150.439840511739,3,280,380,4100,4200
312.0142452840679,4130.290102753307,3,280,380,4100,4200
301.9772148262636,4135.175891399038,3,280,380,4100,4200
312.83585536657716,4135.646987831351,3,280,380,4100,4200
317.86515378625506,4140.947237152593,3,280,380,4100,4200
300.3000616777862,4141.514159842204,3,280,380,4100,4200
288.8738263546093,4135.01940080741,3,280,380,4100,4200
300.9522025409702,4128.1912601584545,3,280,380,4100,4200
291.4545558050909,4141.447393458219,3,280,380,4100,4200
362.2364035551343,4262.808558835836,4,300,400,4200,4300
364.31237622014703,4256.765062872921,4,300,400,4200,4300
357.9781205759684,4267.121108734525,4,300,400,4200,4300
374.7201826928309,4247.063074648274,4,300,400,4200,4300
368.4290705405163,4262.358502631281,4,300,400,4200,4300
370.5855056194162,4251.668306013196,4,300,400,4200,4300
364.4152086303881,4267.051346570265,4,300,400,4200,4300
311.0829057126752,4290.104900912616,4,300,400,4200,4300
320.21100010313955,4298.23551260903,4,300,400,4200,4300
313.66528970022455,4284.665631304054,4,300,400,4200,4300
321.6704411196706,4283.928203176522,4,300,400,4200,4300
309.8357015184491,4296.376752171888,4,300,400,4200,4300
319.2679849351008,4289.739540487721,4,300,400,4200,4300
328.0524092059025,4296.01226550328,4,300,400,4200,4300
306.1934910218546,4289.7384653996105,4,300,400,4200,4300
317.40990662313857,4286.980280659367,4,300,400,4200,4300
324.18122607428603,4291.2963554083635,4,300,400,4200,4300
327.31003596170575,4280.967006139105,4,300,400,4200,4300
349.75147200820015,4260.300620309614,4,300,400,4200,4300
344.60345341147564,4247.182040496635,4,300,400,4200,4300
352.7327625126169,4244.756197212903,4,300,400,4200,4300
349.9447792526531,4237.830458768031,4,300,400,4200,4300
353.22523766833297,4251.21472168317,4,300,400,4200,4300
363.9917850270884,4249.087139208061,4,300,400,4200,4300
354.2343277825731,4240.409242561286,4,300,400,4200,4300
358.8752086373789,4247.597255795585,4,300,400,4200,4300
354.56789012951253,4263.209549192894,4,300,400,4200,4300
355.9151818246092,4256.399298561577,4,300,400,4200,4300
347.67384523627163,4252.117384451332,4,300,400,4200,4300
390.1719858937239,4297.824392620889,4,300,400,4200,4300
386.9573106319299,4291.282835462224,4,300,400,4200,4300
396.59833311311195,4294.342797423768,4,300,400,4200,4300
327.60423320256604,4266.57657812257,4,300,400,4200,4300
317.0448597060848,4270.368600680237,4,300,400,4200,4300
335.11109421936436,4266.80938634555,4,300,400,4200,4300
343.95588147064296,4265.964428890131,4,300,400,4200,4300
327.1375084166571,4253.14839786192,4,300,400,4200,4300
337.6491525653989,4250.447934716971,4,300,400,4200,4300
337.49571813388263,4260.796685180163,4,300,400,4200,4300
342.70154850301464,4257.4115327489835,4,300,400,4200,4300
324.76244821924996,4247.311699469412,4,300,400,4200,4300
335.2557846481207,4254.119775000109,4,300,400,4200,4300
313.1645830029841,4262.741366688457,4,300,400,4200,4300
333.38457103850624,4242.187711003675,4,300,400,4200,4300
339.28673000419036,4273.638628903469,4,300,400,4200,4300
316.02149037206124,4258.50638965274,4,300,400,4200,4300
325.71541515444005,4261.441833246955,4,300,400,4200,4300
324.1055899174259,4274.677977018323,4,300,400,4200,4300
330.3286228616122,4272.279311795997,4,300,400,4200,4300
322.1915587229988,4267.098841168793,4,300,400,4200,4300
338.3986552257704,4245.565763358025,4,300,400,4200,4300
320.47697484711426,4241.926726455545,4,300,400,4200,4300
327.0982385894904,4239.965533112906,4,300,400,4200,4300
331.83115212746264,4260.079100085327,4,300,400,4200,4300
320.1818623568075,4255.10947405875,4,300,400,4200,4300
318.885626164228,4278.987362500389,4,300,400,4200,4300
340.7166863823736,4239.03907417565,4,300,400,4200,4300
303.2697818842348,4264.577616545625,4,300,400,4200,4300
310.6838092723129,4275.420228925183,4,300,400,4200,4300
303.94829070661996,4271.0991733396195,4,300,400,4200,4300
303.05261076368754,4285.0176998542,4,300,400,4200,4300
308.9366999618891,4267.42355951019,4,300,400,4200,4300
344.56671072489456,4283.529537102641,4,300,400,4200,4300
335.74772495361935,4279.035116414456,4,300,400,4200,4300
331.6270661292913,4284.844690656334,4,300,400,4200,4300
349.23478895078875,4268.053845583247,4,300,400,4200,4300
334.1767091838907,4291.589020961378,4,300,400,4200,4300
337.2665105578469,4285.681894164309,4,300,400,4200,4300
342.44589360848903,4289.180437378922,4,300,400,4200,4300
347.27075294652195,4276.1818682893245,4,300,400,4200,4300
360.8798425248661,4289.578577907575,4,300,400,4200,4300
366.1263784283346,4285.822969745792,4,300,400,4200,4300
355.1922091494578,4273.907912173371,4,300,400,4200,4300
379.69845606912963,4283.705538445015,4,300,400,4200,4300
374.9462813155029,4281.03768850702,4,300,400,4200,4300
380.7799802265624,4292.146519857333,4,300,400,4200,4300
360.48398080610286,4279.162511679995,4,300,400,4200,4300
367.1599401209869,4292.201058015698,4,300,400,4200,4300
357.551279761991,4283.499404139477,4,300,400,4200,4300
375.58161362157364,4292.53898645288,4,300,400,4200,4300
354.62319000260436,4290.840283781325,4,300,400,4200,4300
366.0470774784293,4273.340834596052,4,300,400,4200,4300
350.9289881471307,4284.851250504156,4,300,400,4200,4300
369.5082819807405,4280.417115256712,4,300,400,4200,4300
349.70292620862494,4293.346277870371,4,300,400,4200,4300
354.93510091563957,4297.010178648921,4,300,400,4200,4300
372.66917024959895,4297.404020203991,4,300,400,4200,4300
369.0616741802948,4296.752779714007,4,300,400,4200,4300
366.8698079288985,4299.761195305306,4,300,400,4200,4300
363.1375947943629,4296.0978070384635,4,300,400,4200,4300
390.10185502360196,4262.249779626704,4,300,400,4200,4300
387.0521386663118,4276.718865084526,4,300,400,4200,4300
384.8642844560059,4250.7013288068465,4,300,400,4200,4300
386.0157023834239,4271.702784987244,4,300,400,4200,4300
394.47128188610446,4272.952959312752,4,300,400,4200,4300
377.2579017557404,4260.225425786275,4,300,400,4200,4300
371.86158758218073,4269.963353007766,4,300,400,4200,4300
388.2396137149071,4266.25805360217,4,300,400,4200,4300
380.08169484819365,4252.423851375327,4,300,400,4200,4300
377.8792772012186,4275.286541163685,4,300,400,4200,4300
381.3246749233442,4275.958881723644,4,300,400,4200,4300
371.644171313365,4265.192985375846,4,300,400,4200,4300
379.3196237280532,4267.6476468798855,4,300,400,4200,4300
342.3494046993986,4296.4753630158675,4,300,400,4200,4300
335.4427966013826,4298.579637280926,4,300,400,4200,4300
393.79282347505097,4282.518243552147,4,300,400,4200,4300
386.13214243223496,4286.310043996227,4,300,400,4200,4300
395.63612485458714,4288.444075940471,4,300,400,4200,4300
398.8670671183235,4275.6940240000495,4,300,400,4200,4300
386.653767815072,4281.106026633232,4,300,400,4200,4300
391.6425255977618,4256.15157772958,4,300,400,4200,4300
397.9563366128322,4260.038575802939,4,300,400,4200,4300
393.5501699930678,4248.7916718792385,4,300,400,4200,4300
399.407206186652,4253.578876486866,4,300,400,4200,4300
306.9631326840177,4251.396721615073,4,300,400,4200,4300
315.70848509496705,4245.388707884207,4,300,400,4200,4300
312.3246604803548,4252.7915048165,4,300,400,4200,4300
309.6256665528811,4243.388947851551,4,300,400,4200,4300
301.4821366329605,4244.246547296962,4,300,400,4200,4300
305.7798512778142,4257.768298375991,4,300,400,4200,4300
303.2509713947921,4249.194525946948,4,300,400,4200,4300
300.94629468154255,4259.744327214133,4,300,400,4200,4300
309.0622613054357,4228.004295907376,4,300,400,4200,4300
325.74366913705063,4233.933638772949,4,300,400,4200,4300
316.6048896581983,4226.368677185753,4,300,400,4200,4300
311.9030767077687,4221.935714347396,4,300,400,4200,4300
313.1796902286477,4231.830494582308,4,300,400,4200,4300
314.15367873919405,4217.192873750922,4,300,400,4200,4300
319.35321148538975,4234.322381804718,4,300,400,4200,4300
332.5492094573206,4235.181470907092,4,300,400,4200,4300
329.20110245338753,4228.969902592852,4,300,400,4200,4300
323.9189665638167,4225.962762558933,4,300,400,4200,4300
321.7479087255171,4221.112279255601,4,300,400,4200,4300
330.5520136526168,4203.07520243276,4,300,400,4200,4300
339.1157893372413,4211.1713173847975,4,300,400,4200,4300
330.2052604229924,4219.338474497426,4,300,400,4200,4300
326.33682126110153,4211.889020342949,4,300,400,4200,4300
335.61072329845615,4201.7440929143,4,300,400,4200,4300
337.4158397976103,4217.540516506659,4,300,400,4200,4300
332.74012457490124,4209.599371763754,4,300,400,4200,4300
347.1890429894337,4233.307672777638,4,300,400,4200,4300
338.89995635129293,4232.512210738971,4,300,400,4200,4300
340.76171491346474,4223.624315528001,4,300,400,4200,4300
342.1676747893437,4227.661537036765,4,300,400,4200,4300
351.3739330616379,4225.597579029976,4,300,400,4200,4300
335.9969042174897,4228.267173834774,4,300,400,4200,4300
319.12823103924813,4203.457617775305,4,300,400,4200,4300
300.07216731480617,4211.563241955075,4,300,400,4200,4300
308.7708788127872,4210.1617105713185,4,300,400,4200,4300
305.7572650735085,4217.921302873562,4,300,400,4200,4300
304.55800669764295,4226.092095792652,4,300,400,4200,4300
305.32848743298626,4201.87519723497,4,300,400,4200,4300
307.25714829236296,4236.530728781117,4,300,400,4200,4300
317.85281076447257,4211.572480633544,4,300,400,4200,4300
301.8012697457557,4237.129144722009,4,300,400,4200,4300
358.4662000595589,4207.938650641494,4,300,400,4200,4300
357.83965319324096,4202.326047626065,4,300,400,4200,4300
360.90066277219205,4213.668155363718,4,300,400,4200,4300
344.79712263384204,4212.38749311979,4,300,400,4200,4300
347.12784356083733,4218.83650564109,4,300,400,4200,4300
346.8015741452638,4205.467829350148,4,300,400,4200,4300
350.80536039502687,4211.931358696261,4,300,400,4200,4300
354.4373238295063,4216.4093990013735,4,300,400,4200,4300
370.78667159558427,4233.149247907394,4,300,400,4200,4300
378.4644405273216,4240.464104747321,4,300,400,4200,4300
359.2997614642809,4235.863699233204,4,300,400,4200,4300
357.73903283110803,4228.3642374908995,4,300,400,4200,4300
364.7861335893372,4230.454658790177,4,300,400,4200,4300
366.3329967696665,4241.158692894906,4,300,400,4200,4300
360.49488249198004,4221.4658749892615,4,300,400,4200,4300
375.98246389245134,4230.883840040219,4,300,400,4200,4300
396.0625562272296,4204.664298129678,4,300,400,4200,4300
398.70866520532473,4215.408486431498,4,300,400,4200,4300
391.2776081562728,4216.3819707328685,4,300,400,4200,4300
371.27888304036077,4213.820875007581,4,300,400,4200,4300
381.8760301220686,4212.881255888199,4,300,400,4200,4300
389.4526771739601,4204.660595004445,4,300,400,4200,4300
370.12855792407333,4202.417374181586,4,300,400,4200,4300
366.0696380054266,4210.033351905644,4,300,400,4200,4300
375.8665146357403,4207.453106908635,4,300,400,4200,4300
368.77040899108687,4221.3933858493365,4,300,400,4200,4300
382.74617610611006,4200.816439906086,4,300,400,4200,4300
389.4313976486183,4242.516131343523,4,300,400,4200,4300
396.7783802558527,4238.970482411679,4,300,400,4200,4300
378.85333509740104,4221.254922416441,4,300,400,4200,4300
395.9836189353764,4227.6495015533765,4,300,400,4200,4300
386.2209044937552,4234.694534187684,4,300,400,4200,4300
382.9643569180848,4228.308370976913,4,300,400,4200,4300
387.25885509802697,4222.302706298751,4,300,400,4200,4300
426.65483543372494,3814.03427003636,5,400,500,3800,3900
442.86148972699897,3812.9842169198923,5,400,500,3800,3900
438.70528015647733,3806.570005507849,5,400,500,3800,3900
454.8208531129332,3818.6195505891283,5,400,500,3800,3900
442.25544711374096,3802.562514835974,5,400,500,3800,3900
431.9534136545576,3819.885162488486,5,400,500,3800,3900
445.4986302767188,3809.2084538036215,5,400,500,3800,3900
451.6792439476074,3805.388769137437,5,400,500,3800,3900
454.7571759363811,3810.9915825932353,5,400,500,3800,3900
461.573809809636,3808.9491179136794,5,400,500,3800,3900
439.877381224071,3822.5806088491145,5,400,500,3800,3900
431.8209064253093,3808.8566035203326,5,400,500,3800,3900
446.94138839209046,3827.289116693407,5,400,500,3800,3900
470.4164127693987,3802.6392961315173,5,400,500,3800,3900
494.3769685564393,3800.4457677502023,5,400,500,3800,3900
472.79434798575926,3810.440792827676,5,400,500,3800,3900
477.74140352436183,3800.6870526562934,5,400,500,3800,3900
486.9331114821594,3801.636521306817,5,400,500,3800,3900
490.26348925195447,3886.4547753314655,5,400,500,3800,3900
498.6799995037309,3888.6286734614764,5,400,500,3800,3900
499.154021151469,3876.444694894855,5,400,500,3800,3900
455.76511254070607,3896.259839396259,5,400,500,3800,3900
437.08942459277955,3898.2559138342294,5,400,500,3800,3900
478.1780426430749,3887.894153244238,5,400,500,3800,3900
489.9260360750195,3873.7519908235913,5,400,500,3800,3900
468.16812891055764,3894.143602874816,5,400,500,3800,3900
475.51189506105834,3878.927888889117,5,400,500,3800,3900
497.0367146708929,3855.762075231093,5,400,500,3800,3900
488.4558743929775,3866.6599392578514,5,400,500,3800,3900
498.3136869268476,3850.2657512707365,5,400,500,3800,3900
483.09303286285376,3896.490979968459,5,400,500,3800,3900
492.5884588496621,3899.193623175328,5,400,500,3800,3900
447.1559977193183,3889.4919923426223,5,400,500,3800,3900
442.5920300289689,3881.731195795466,5,400,500,3800,3900
441.0568784844025,3893.7701963866957,5,400,500,3800,3900
442.6611853556527,3871.389735002041,5,400,500,3800,3900
427.95782785337735,3870.1784608386765,5,400,500,3800,3900
435.87609276695434,3880.612942696642,5,400,500,3800,3900
424.04181028314656,3879.266473731393,5,400,500,3800,3900
436.97513138125754,3862.871871130678,5,400,500,3800,3900
437.36253123374456,3874.389458606489,5,400,500,3800,3900
443.9418675766612,3861.9442802892536,5,400,500,3800,3900
433.84893693942706,3867.648986410197,5,400,500,3800,3900
431.21841290687667,3889.4787357531177,5,400,500,3800,3900
430.7419252020547,3881.4222503752703,5,400,500,3800,3900
469.57239974988073,3874.9612342301257,5,400,500,3800,3900
472.70984633056975,3872.429976905077,5,400,500,3800,3900
477.79061536068275,3867.8479225502865,5,400,500,3800,3900
450.7767669902949,3873.0565813708813,5,400,500,3800,3900
448.6220356277997,3880.1384435089576,5,400,500,3800,3900
455.0975673225169,3883.2842475846237,5,400,500,3800,3900
468.4779000132821,3868.3432642602143,5,400,500,3800,3900
463.3618962319288,3877.2114739978438,5,400,500,3800,3900
459.18318260258303,3868.665894697251,5,400,500,3800,3900
451.8191547750387,3865.7247331060858,5,400,500,3800,3900
461.4253976898285,3887.1320099716063,5,400,500,3800,3900
415.26813864613604,3851.869310475412,5,400,500,3800,3900
431.59071346207367,3831.408551690552,5,400,500,3800,3900
405.64937134762204,3840.044284168488,5,400,500,3800,3900
420.0612980041633,3845.145419445919,5,400,500,3800,3900
402.0185340387384,3832.2165676248896,5,400,500,3800,3900
401.00311503833007,3847.84777653297,5,400,500,3800,3900
413.8299477548538,3835.471933462485,5,400,500,3800,3900
408.99332897174116,3847.4652454773995,5,400,500,3800,3900
426.9245304275004,3848.439622288259,5,400,500,3800,3900
414.7955940225786,3862.3296479281435,5,400,500,3800,3900
423.7990688354685,3837.8808868296587,5,400,500,3800,3900
413.56616425959925,3848.5180018771366,5,400,500,3800,3900
433.37551362886063,3853.287260930979,5,400,500,3800,3900
416.028431037468,3855.675975515025,5,400,500,3800,3900
426.81343940659025,3859.547938966001,5,400,500,3800,3900
423.72996514028097,3829.8696591291546,5,400,500,3800,3900
418.43442969454816,3848.926524549862,5,400,500,3800,3900
440.7533123659724,3852.877116940683,5,400,500,3800,3900
436.7864848500397,3843.212750664561,5,400,500,3800,3900
438.75853692428547,3835.1749018128166,5,400,500,3800,3900
420.0450895004255,3890.765297230992,5,400,500,3800,3900
432.3987369126256,3899.6803454142005,5,400,500,3800,3900
425.2534370196861,3893.7028967758565,5,400,500,3800,3900
403.80761885435635,3890.505763503709,5,400,500,3800,3900
413.3443266750257,3889.617249718585,5,400,500,3800,3900
409.5402218494311,3896.3142465522983,5,400,500,3800,3900
418.59001791649007,3868.447285277207,5,400,500,3800,3900
413.93325206792144,3881.570847837519,5,400,500,3800,3900
404.5064708687282,3875.0547135654942,5,400,500,3800,3900
407.36516213218005,3868.525159174154,5,400,500,3800,3900
403.29069503138606,3883.3210576367896,5,400,500,3800,3900
404.3265750820185,3859.138613121581,5,400,500,3800,3900
400.28843026099923,3867.267447627977,5,400,500,3800,3900
414.36360867004083,3874.817080170736,5,400,500,3800,3900
460.100367427331,3845.9439558479016,5,400,500,3800,3900
467.3502842121104,3819.1238406262864,5,400,500,3800,3900
482.70396720845184,3817.056330724848,5,400,500,3800,3900
467.930812955945,3842.6459500354676,5,400,500,3800,3900
472.66208417428896,3832.9097089926754,5,400,500,3800,3900
469.3378665612027,3860.933094906501,5,400,500,3800,3900
474.8925477285764,3822.208446135959,5,400,500,3800,3900
467.87724554263394,3850.742021085801,5,400,500,3800,3900
451.04212326667067,3854.952381983022,5,400,500,3800,3900
459.61539836430416,3857.3535649968585,5,400,500,3800,3900
460.0376345772819,3827.352253152908,5,400,500,3800,3900
461.9913104349044,3835.9018451727748,5,400,500,3800,3900
450.39944488023906,3836.6794970537294,5,400,500,3800,3900
449.0070384927152,3844.981485191877,5,400,500,3800,3900
465.3631141445704,3839.460794661453,5,400,500,3800,3900
481.23613708207444,3855.2591987333926,5,400,500,3800,3900
492.3514908734941,3854.0014371857005,5,400,500,3800,3900
493.7972020288993,3846.0337928321073,5,400,500,3800,3900
493.55810258489373,3848.6281382618595,5,400,500,3800,3900
486.6362396846311,3826.178748791037,5,400,500,3800,3900
492.1071934526516,3818.404813050582,5,400,500,3800,3900
481.0779209266223,3862.1047659113756,5,400,500,3800,3900
476.9328744659327,3845.623608860244,5,400,500,3800,3900
494.1381031569271,3840.6471644880985,5,400,500,3800,3900
483.1074662937492,3833.912383250158,5,400,500,3800,3900
488.5631612658555,3859.4932201758907,5,400,500,3800,3900
494.33627215797526,3832.47872573802,5,400,500,3800,3900
499.13586217663527,3822.127806709318,5,400,500,3800,3900
485.0485701952685,3844.2814353806193,5,400,500,3800,3900
485.178628205118,3851.2397592727834,5,400,500,3800,3900
489.519338641789,3810.212808324945,5,400,500,3800,3900
499.2091000544849,3810.4459127394975,5,400,500,3800,3900
411.314736194738,3804.672429437609,5,400,500,3800,3900
431.12161930096124,3800.0464655790556,5,400,500,3800,3900
422.255272181543,3805.7546250008427,5,400,500,3800,3900
414.659718095197,3812.3683888681576,5,400,500,3800,3900
400.66953471276395,3820.5941504583852,5,400,500,3800,3900
410.6789510858454,3822.764673319187,5,400,500,3800,3900
416.3240845406906,3822.976523741511,5,400,500,3800,3900
406.5569435407178,3813.2794551775705,5,400,500,3800,3900
406.03398189173384,3826.383678880695,5,400,500,3800,3900
421.8718347806727,3820.8757844816437,5,400,500,3800,3900
420.5914989891433,3812.7078514017,5,400,500,3800,3900
403.10691953085285,3805.20993016627,5,400,500,3800,3900
-381.05606974867567,3587.2716652425174,6,-400,-300,3500,3600
-392.44459492243533,3589.305573871269,6,-400,-300,3500,3600
-397.7940321672172,3589.244509731361,6,-400,-300,3500,3600
-391.3783548147201,3580.3764049358892,6,-400,-300,3500,3600
-386.64929429546766,3593.8809158163904,6,-400,-300,3500,3600
-392.30252002877006,3599.6698481359613,6,-400,-300,3500,3600
-330.9925771661572,3566.760389293238,6,-400,-300,3500,3600
-321.48348072280106,3583.4704992650845,6,-400,-300,3500,3600
-339.24882079426385,3571.644912753184,6,-400,-300,3500,3600
-340.49890978121965,3555.4500141703793,6,-400,-300,3500,3600
-325.705575018203,3577.395097115205,6,-400,-300,3500,3600
-385.2961346190033,3570.605568028936,6,-400,-300,3500,3600
-342.3924986777653,3580.7827304729326,6,-400,-300,3500,3600
-360.2924433581064,3561.752128296934,6,-400,-300,3500,3600
-357.1160718763941,3589.3685852240865,6,-400,-300,3500,3600
-378.929576993914,3561.8026524357906,6,-400,-300,3500,3600
-321.5309755024761,3595.700729093025,6,-400,-300,3500,3600
-318.29326732072946,3553.3649873531954,6,-400,-300,3500,3600
-338.9253414668349,3547.431542027733,6,-400,-300,3500,3600
-342.47728428115977,3590.015865327405,6,-400,-300,3500,3600
-361.1479454995274,3580.4625108190926,6,-400,-300,3500,3600
-383.7877665657988,3555.7957195532726,6,-400,-300,3500,3600
-335.012346123682,3580.647684260118,6,-400,-300,3500,3600
-367.96094883682997,3555.029501858768,6,-400,-300,3500,3600
-369.96337218263454,3577.3039124040465,6,-400,-300,3500,3600
-328.46074347806837,3548.3851387224304,6,-400,-300,3500,3600
-331.22913481977236,3556.126234305839,6,-400,-300,3500,3600
-341.16682424434134,3595.302070275902,6,-400,-300,3500,3600
-384.2390189192444,3577.067897211286,6,-400,-300,3500,3600
-373.665270175796,3544.1166062577327,6,-400,-300,3500,3600
-327.7422464947691,3588.8784637142994,6,-400,-300,3500,3600
-392.8844426893538,3551.4933903240017,6,-400,-300,3500,3600
-310.20381690348137,3597.8732631186012,6,-400,-300,3500,3600
-334.6106822224781,3596.407930798164,6,-400,-300,3500,3600
-391.6404502548424,3555.843240558877,6,-400,-300,3500,3600
-353.7845155912832,3571.1834693708747,6,-400,-300,3500,3600
-349.08026996328516,3564.5150385726847,6,-400,-300,3500,3600
-364.1527381309498,3571.1943283728074,6,-400,-300,3500,3600
-341.61040548984124,3562.288369515494,6,-400,-300,3500,3600
-387.61468777358857,3563.5232803440827,6,-400,-300,3500,3600
-368.93425728842544,3586.0959791382033,6,-400,-300,3500,3600
-349.3202377894777,3583.3398630186985,6,-400,-300,3500,3600
-352.1394984061817,3557.0948876928164,6,-400,-300,3500,3600
-390.88973481910546,3575.389022687444,6,-400,-300,3500,3600
-372.489949144908,3593.4992746060434,6,-400,-300,3500,3600
-377.86149292087055,3578.165764988137,6,-400,-300,3500,3600
-327.325751212694,3560.6594955304668,6,-400,-300,3500,3600
-398.89789642549096,3548.3020380256403,6,-400,-300,3500,3600
-363.45056740607777,3596.007671327933,6,-400,-300,3500,3600
-394.6914503488416,3566.53372786411,6,-400,-300,3500,3600
-376.17175377461746,3553.338212859882,6,-400,-300,3500,3600
-367.77031408997476,3565.046050189737,6,-400,-300,3500,3600
-374.63524585970947,3568.511288499472,6,-400,-300,3500,3600
-313.25664547233816,3584.1069678602516,6,-400,-300,3500,3600
-379.74508298555634,3599.7558904626203,6,-400,-300,3500,3600
-328.12691835672825,3597.052033898082,6,-400,-300,3500,3600
-363.84301538596173,3515.3627125037196,6,-400,-300,3500,3600
-343.1971416618696,3511.157892633655,6,-400,-300,3500,3600
-358.0431676166961,3540.2448455066246,6,-400,-300,3500,3600
-399.4838812956993,3519.5962293241196,6,-400,-300,3500,3600
-384.17625748195104,3505.7259194690632,6,-400,-300,3500,3600
-325.82071743627904,3539.095720170194,6,-400,-300,3500,3600
-334.44481164162096,3536.0361448420176,6,-400,-300,3500,3600
-359.26789162636396,3523.0922061834776,6,-400,-300,3500,3600
-363.84495848414883,3528.800063601036,6,-400,-300,3500,3600
-395.3139981623543,3540.3952217831916,6,-400,-300,3500,3600
-356.1424967485721,3529.0172937937905,6,-400,-300,3500,3600
-389.4242182679591,3545.5385798045536,6,-400,-300,3500,3600
-397.20122679119345,3510.1774529532463,6,-400,-300,3500,3600
-387.79708263879803,3531.362239089997,6,-400,-300,3500,3600
-395.5353570711722,3533.1427202709606,6,-400,-300,3500,3600
-344.9447744682209,3524.778537843487,6,-400,-300,3500,3600
-368.42013847909635,3534.2027412592174,6,-400,-300,3500,3600
-369.07521628709407,3509.1699462821643,6,-400,-300,3500,3600
-394.63512844801403,3503.25204883405,6,-400,-300,3500,3600
-370.70247468898435,3521.8883325706665,6,-400,-300,3500,3600
-384.4205945391164,3515.751750487067,6,-400,-300,3500,3600
-312.9135407027714,3540.986678324907,6,-400,-300,3500,3600
-380.6291377421375,3538.4510659892853,6,-400,-300,3500,3600
-391.49811405868826,3512.312439969525,6,-400,-300,3500,3600
-357.0939732969316,3508.6550162700237,6,-400,-300,3500,3600
-359.13819345250374,3532.0504779913804,6,-400,-300,3500,3600
-377.48967394734336,3526.3487460662504,6,-400,-300,3500,3600
-329.07126883475274,3522.25162586003,6,-400,-300,3500,3600
-320.23762449874226,3527.156492108946,6,-400,-300,3500,3600
-375.76950222136315,3514.7470668255028,6,-400,-300,3500,3600
-323.0483980069938,3530.8130670610362,6,-400,-300,3500,3600
-374.57389438276505,3505.702286303787,6,-400,-300,3500,3600
-343.6782410378043,3543.627570734447,6,-400,-300,3500,3600
-392.50521781549276,3522.2612793060284,6,-400,-300,3500,3600
-347.8143423242024,3500.846474842473,6,-400,-300,3500,3600
-345.55306544422706,3534.808226249335,6,-400,-300,3500,3600
-350.48765304047276,3512.4513465716886,6,-400,-300,3500,3600
-336.5249050337762,3526.7893202422056,6,-400,-300,3500,3600
-385.2059338138588,3524.260881572262,6,-400,-300,3500,3600
-350.75028136679134,3519.531358704922,6,-400,-300,3500,3600
-364.53287811388765,3504.0439420585026,6,-400,-300,3500,3600
-354.320411529331,3549.420101303374,6,-400,-300,3500,3600
-313.28950171501293,3521.402507941597,6,-400,-300,3500,3600
-323.8993778144743,3501.028883230173,6,-400,-300,3500,3600
-335.91921452036945,3504.0770220612785,6,-400,-300,3500,3600
-315.4520150381849,3510.6531567104626,6,-400,-300,3500,3600
-332.25586013117396,3514.2015810522626,6,-400,-300,3500,3600
-302.8192111324432,3529.494633874177,6,-400,-300,3500,3600
-304.0073132891342,3514.0187604629887,6,-400,-300,3500,3600
-305.792801264405,3503.641530738011,6,-400,-300,3500,3600
-325.41565625348096,3509.034533329646,6,-400,-300,3500,3600
-302.4235344483437,3580.9019234000502,6,-400,-300,3500,3600
-302.96748164755934,3561.8870419420664,6,-400,-300,3500,3600
-304.5419413555339,3573.5645079502424,6,-400,-300,3500,3600
-318.33101578674246,3565.208614381334,6,-400,-300,3500,3600
-313.1154394578784,3574.956065211703,6,-400,-300,3500,3600
-308.0638838990068,3553.9997103296023,6,-400,-300,3500,3600
-307.686964380006,3590.9447019710365,6,-400,-300,3500,3600
-213.93023287119203,3115.1992122945067,7,-300,-200,3100,3200
-206.78215045586612,3106.5692594319157,7,-300,-200,3100,3200
-222.09113896635535,3106.9557974502095,7,-300,-200,3100,3200
-216.15340566387226,3102.2744083400266,7,-300,-200,3100,3200
-232.7392397033642,3195.59254663735,7,-300,-200,3100,3200
-224.65584713328747,3192.767440490019,7,-300,-200,3100,3200
-217.83211511493195,3169.7949808340027,7,-300,-200,3100,3200
-210.23390618044522,3175.2256538313277,7,-300,-200,3100,3200
-247.8018899174676,3192.4630738909646,7,-300,-200,3100,3200
-238.6424308760045,3190.294436997144,7,-300,-200,3100,3200
-224.16606878154062,3176.077494449032,7,-300,-200,3100,3200
-219.68020514297532,3186.171525860704,7,-300,-200,3100,3200
-213.14373593817908,3183.525998630049,7,-300,-200,3100,3200
-209.73375831798452,3189.693523106443,7,-300,-200,3100,3200
-255.34965502953295,3195.260614124042,7,-300,-200,3100,3200
-251.4660379869591,3108.296938786795,7,-300,-200,3100,3200
-224.88658139630104,3139.6780519315153,7,-300,-200,3100,3200
-238.97337008188256,3142.275602398747,7,-300,-200,3100,3200
-230.57856665196294,3131.9458262513554,7,-300,-200,3100,3200
-251.5450214728293,3130.081917806262,7,-300,-200,3100,3200
-249.4194329365052,3137.398655658849,7,-300,-200,3100,3200
-239.57763890798796,3113.6180028878994,7,-300,-200,3100,3200
-237.3557423042166,3103.383937414344,7,-300,-200,3100,3200
-255.2437456398171,3114.566503395811,7,-300,-200,3100,3200
-249.67024597374584,3118.0882684789995,7,-300,-200,3100,3200
-217.37017971835414,3125.5524967636425,7,-300,-200,3100,3200
-235.0106793090652,3124.4433032927877,7,-300,-200,3100,3200
-243.85104542261095,3125.735536589105,7,-300,-200,3100,3200
-230.67212594278692,3103.3241061549083,7,-300,-200,3100,3200
-225.6926284543228,3117.093356255601,7,-300,-200,3100,3200
-245.75819781300368,3104.4404501664417,7,-300,-200,3100,3200
-202.5645652512618,3194.5164520409235,7,-300,-200,3100,3200
-228.48279025573655,3157.262722679489,7,-300,-200,3100,3200
-211.918342985305,3155.478532721042,7,-300,-200,3100,3200
-207.1462079066236,3142.7355958212597,7,-300,-200,3100,3200
-205.77682004100689,3163.176732846123,7,-300,-200,3100,3200
-220.19020410170313,3144.3275274316725,7,-300,-200,3100,3200
-200.5473524247266,3152.518132531861,7,-300,-200,3100,3200
-215.37731038805575,3162.270529739993,7,-300,-200,3100,3200
-224.42426939791673,3152.7922121019724,7,-300,-200,3100,3200
-213.20292323821968,3151.031590556094,7,-300,-200,3100,3200
-200.97397536664852,3117.605152342068,7,-300,-200,3100,3200
-214.23102220583138,3132.3707367322627,7,-300,-200,3100,3200
-201.47506458820646,3133.481665936463,7,-300,-200,3100,3200
-203.37263222467445,3125.163941254508,7,-300,-200,3100,3200
-254.87698120332706,3178.4283747728964,7,-300,-200,3100,3200
-241.18136913293273,3153.182970532796,7,-300,-200,3100,3200
-229.92322189066965,3182.7586803193317,7,-300,-200,3100,3200
-240.18425188512123,3180.6671255402075,7,-300,-200,3100,3200
-246.40132413833936,3157.4197901095795,7,-300,-200,3100,3200
-246.71014259334245,3175.1283302020206,7,-300,-200,3100,3200
-237.91454010272912,3169.0617186100703,7,-300,-200,3100,3200
-251.39430890984042,3170.014420187827,7,-300,-200,3100,3200
-255.62524407167476,3161.700551621791,7,-300,-200,3100,3200
-245.28450924589626,3165.5556187087564,7,-300,-200,3100,3200
-230.4712568759796,3164.4862026812757,7,-300,-200,3100,3200
-248.57405207572913,3145.4070320643614,7,-300,-200,3100,3200
-259.4862786442095,3132.6161966771747,7,-300,-200,3100,3200
-266.8549184259045,3160.6543573063905,7,-300,-200,3100,3200
-291.4268802971856,3139.2257196914356,7,-300,-200,3100,3200
-278.37503944581385,3134.650162882223,7,-300,-200,3100,3200
-264.8236259209545,3109.731156559914,7,-300,-200,3100,3200
-271.71633629432415,3152.0905209471234,7,-300,-200,3100,3200
-275.107365232503,3141.747012388286,7,-300,-200,3100,3200
-267.3582542391953,3140.780616101613,7,-300,-200,3100,3200
-292.31726750288266,3131.6983511013354,7,-300,-200,3100,3200
-282.8078189861281,3141.0272377620677,7,-300,-200,3100,3200
-261.3836757952614,3160.784490209871,7,-300,-200,3100,3200
-276.7344227070509,3109.993239997057,7,-300,-200,3100,3200
-255.24585360604374,3146.4328689717404,7,-300,-200,3100,3200
-268.19484343186394,3122.1695963637712,7,-300,-200,3100,3200
-279.9242558604714,3124.9900117054412,7,-300,-200,3100,3200
-290.17234389649656,3118.830997240167,7,-300,-200,3100,3200
-283.3825266350637,3116.0407705259927,7,-300,-200,3100,3200
-261.6825746717838,3145.625010972011,7,-300,-200,3100,3200
-271.1263729536607,3131.1379031538368,7,-300,-200,3100,3200
-264.28874107263636,3170.6089951606486,7,-300,-200,3100,3200
-299.2305681179562,3120.5497237022932,7,-300,-200,3100,3200
-259.9972628565027,3119.0455595273747,7,-300,-200,3100,3200
-299.51262259791747,3106.5062397504735,7,-300,-200,3100,3200
-288.8668827046368,3105.2049635106,7,-300,-200,3100,3200
-267.9278779097679,3100.9279346794247,7,-300,-200,3100,3200
-279.6363774395407,3100.4496690854066,7,-300,-200,3100,3200
-274.85384618205626,3161.17114396288,7,-300,-200,3100,3200
-259.827159718549,3186.7977473348947,7,-300,-200,3100,3200
-281.11091142960754,3181.727697166311,7,-300,-200,3100,3200
-263.9408597111517,3180.430361982233,7,-300,-200,3100,3200
-288.7989724655218,3147.0145464832117,7,-300,-200,3100,3200
-264.5791550678004,3197.003600269307,7,-300,-200,3100,3200
-277.3893959769368,3188.977256446962,7,-300,-200,3100,3200
-281.5126595573067,3153.895958144052,7,-300,-200,3100,3200
-282.9958345729863,3195.7448360564017,7,-300,-200,3100,3200
-283.94986323732127,3168.8109122621904,7,-300,-200,3100,3200
-299.8875524111937,3169.270296805941,7,-300,-200,3100,3200
-297.49175230476703,3183.2849705450653,7,-300,-200,3100,3200
-278.5691563562015,3165.8339273865854,7,-300,-200,3100,3200
-274.467030911534,3199.6200201210772,7,-300,-200,3100,3200
-289.7473450785718,3176.7470015462063,7,-300,-200,3100,3200
-292.62971019542215,3189.2721765675597,7,-300,-200,3100,3200
-295.60091119117743,3162.7021643672106,7,-300,-200,3100,3200
-269.679984398723,3175.3844827222974,7,-300,-200,3100,3200
-269.4006488273412,3189.3955583953666,7,-300,-200,3100,3200
-283.9958027464872,3175.207572020623,7,-300,-200,3100,3200
-273.2213729767505,3169.5350787320986,7,-300,-200,3100,3200
-294.2318208624602,3154.5659732798954,7,-300,-200,3100,3200
882.6592991242168,3210.1338841150364,8,800,900,3200,3300
899.8222404864069,3200.6722527564743,8,800,900,3200,3300
898.4846805530531,3217.220330034998,8,800,900,3200,3300
893.8554303979398,3206.875629512553,8,800,900,3200,3300
858.3991072271245,3200.402781039527,8,800,900,3200,3300
868.8262618623024,3203.125519878421,8,800,900,3200,3300
862.9729138241187,3208.6908711958254,8,800,900,3200,3300
884.2404309494314,3241.1032375675295,8,800,900,3200,3300
893.5265674116686,3232.156123215261,8,800,900,3200,3300
892.1942004094606,3224.0806313918756,8,800,900,3200,3300
867.9262671403197,3221.901036844153,8,800,900,3200,3300
879.7041367848863,3219.7663996196547,8,800,900,3200,3300
870.4655260790495,3214.847645296716,8,800,900,3200,3300
887.0989971947639,3221.2526810886066,8,800,900,3200,3300
873.8958632175243,3231.32032547434,8,800,900,3200,3300
870.6805564446289,3237.7355876119145,8,800,900,3200,3300
897.6659113747384,3244.3256595513967,8,800,900,3200,3300
885.3215571174456,3229.0529067322877,8,800,900,3200,3300
894.8276593927382,3295.264790127013,8,800,900,3200,3300
885.3191159630979,3299.24092035675,8,800,900,3200,3300
891.9176816826504,3284.7989414621275,8,800,900,3200,3300
846.0346539698706,3264.6760190418245,8,800,900,3200,3300
858.0693846827594,3282.772261235112,8,800,900,3200,3300
860.3915431794005,3267.8379453619887,8,800,900,3200,3300
849.9478557214984,3290.305412105158,8,800,900,3200,3300
851.4174090139885,3254.450897699295,8,800,900,3200,3300
881.853250299166,3280.7616224657368,8,800,900,3200,3300
891.7432837074941,3277.163371770218,8,800,900,3200,3300
857.3693442705688,3257.2680088188636,8,800,900,3200,3300
865.654937144984,3279.079165372005,8,800,900,3200,3300
875.9797079678334,3285.234342531744,8,800,900,3200,3300
870.7324900182801,3275.2273862817233,8,800,900,3200,3300
868.6697972490352,3297.0521315014175,8,800,900,3200,3300
868.9378950315595,3283.9127265232455,8,800,900,3200,3300
872.5779122281557,3280.086216733933,8,800,900,3200,3300
849.6451059686215,3276.3120716334925,8,800,900,3200,3300
843.4568535561722,3274.650347833082,8,800,900,3200,3300
849.053359306348,3283.074410126757,8,800,900,3200,3300
883.7495955529379,3292.1034741678677,8,800,900,3200,3300
871.1203061805002,3289.4263358385665,8,800,900,3200,3300
842.245158422136,3279.1629723637625,8,800,900,3200,3300
842.3397899058804,3286.255126411985,8,800,900,3200,3300
876.912596769443,3260.642648368663,8,800,900,3200,3300
866.285491029396,3260.215188427953,8,800,900,3200,3300
891.1201503957499,3262.7747299967054,8,800,900,3200,3300
871.9713254886968,3258.878383215623,8,800,900,3200,3300
870.8009497144802,3243.9823118733198,8,800,900,3200,3300
865.0400253065887,3251.9329335900256,8,800,900,3200,3300
868.5998743331602,3266.226457066426,8,800,900,3200,3300
881.8347588382366,3264.3181418724585,8,800,900,3200,3300
873.3390684707667,3270.0406746474246,8,800,900,3200,3300
882.7792537102185,3251.8542196715625,8,800,900,3200,3300
873.6157073276884,3250.0018081919848,8,800,900,3200,3300
898.3033740860488,3256.3017703900346,8,800,900,3200,3300
893.3699423389876,3269.9868561465573,8,800,900,3200,3300
884.0650922639066,3271.0343718171143,8,800,900,3200,3300
845.0035188390212,3298.652057262144,8,800,900,3200,3300
803.266293140996,3271.9770137895057,8,800,900,3200,3300
800.0756888010947,3284.1348214825302,8,800,900,3200,3300
826.8504811683781,3267.5558483911414,8,800,900,3200,3300
802.1544689120843,3291.9323555072406,8,800,900,3200,3300
834.2236301222621,3276.4611071680874,8,800,900,3200,3300
831.8065564757167,3286.8188725695,8,800,900,3200,3300
821.5550809836884,3293.898535679709,8,800,900,3200,3300
820.3006632542573,3270.944402595409,8,800,900,3200,3300
814.0481543941866,3291.117082345431,8,800,900,3200,3300
818.8827229325399,3281.423344390194,8,800,900,3200,3300
825.7748626193898,3281.4511794850305,8,800,900,3200,3300
820.9009407315923,3258.3049332410683,8,800,900,3200,3300
807.3666288776429,3277.951206592384,8,800,900,3200,3300
808.029303826824,3296.8553496953336,8,800,900,3200,3300
811.768326301913,3282.420318325668,8,800,900,3200,3300
836.5335881966157,3293.0602364315573,8,800,900,3200,3300
809.1379241393886,3242.4899235295425,8,800,900,3200,3300
821.6804013585564,3240.0100950531664,8,800,900,3200,3300
839.7644852554308,3236.433975217559,8,800,900,3200,3300
830.269365005638,3243.1453802593064,8,800,900,3200,3300
821.8538543115434,3230.431328861765,8,800,900,3200,3300
830.3169611399,3233.486258185725,8,800,900,3200,3300
835.2038259756895,3259.30951422454,8,800,900,3200,3300
804.837095752494,3230.680059503448,8,800,900,3200,3300
815.2702894817652,3248.9912143439947,8,800,900,3200,3300
822.8180277124694,3249.2287802132573,8,800,900,3200,3300
831.2001498067314,3224.6088916043013,8,800,900,3200,3300
813.4724589563033,3222.688063154212,8,800,900,3200,3300
813.7985467015868,3233.2213356619163,8,800,900,3200,3300
824.7849757643971,3216.28888974806,8,800,900,3200,3300
854.8589902783912,3246.919967882919,8,800,900,3200,3300
831.7396312482706,3253.881986241306,8,800,900,3200,3300
815.0777996636956,3240.943471990544,8,800,900,3200,3300
843.5055477606354,3246.3136212546656,8,800,900,3200,3300
801.6854115053516,3250.899212663332,8,800,900,3200,3300
807.5730989501691,3265.621600062107,8,800,900,3200,3300
801.0412572832421,3242.673670674487,8,800,900,3200,3300
810.2476988737089,3252.191397791514,8,800,900,3200,3300
807.7367122025784,3258.6356564315183,8,800,900,3200,3300
811.8654141462991,3202.008084298254,8,800,900,3200,3300
808.9534951679047,3209.9835521282384,8,800,900,3200,3300
810.9071483580752,3216.10727323649,8,800,900,3200,3300
803.1360855672939,3217.9945357721,8,800,900,3200,3300
818.6033441320658,3210.4971696107255,8,800,900,3200,3300
805.1544302982986,3204.678512748231,8,800,900,3200,3300
838.3264389572184,3217.239483691847,8,800,900,3200,3300
846.7162598752269,3212.68149692675,8,800,900,3200,3300
855.872360437863,3217.0030512381977,8,800,900,3200,3300
846.133896212088,3201.555525893374,8,800,900,3200,3300
863.9253513988594,3243.8359832584815,8,800,900,3200,3300
862.6172998817542,3238.5585156972193,8,800,900,3200,3300
849.571274545466,3233.376753324911,8,800,900,3200,3300
825.2182363592368,3202.38383928816,8,800,900,3200,3300
843.6986184872862,3206.073639986165,8,800,900,3200,3300
855.2659122506901,3227.5275472281937,8,800,900,3200,3300
833.929539108987,3211.5126269054936,8,800,900,3200,3300
837.4889461715068,3205.685151385007,8,800,900,3200,3300
841.8547905492918,3227.70089863931,8,800,900,3200,3300
860.5966884313264,3233.92258085406,8,800,900,3200,3300
852.5921456929852,3206.2717930466683,8,800,900,3200,3300
828.8822355097127,3207.8530905960924,8,800,900,3200,3300
846.5962674805114,3223.549821356365,8,800,900,3200,3300
855.2546559594952,3239.3612631235533,8,800,900,3200,3300
